rank,pct_of_claimants,pct_of_book,cumulative_losses,pct_of_losses,is_milestone
1,0.004008980115458627,0.00014748979739326532,4075400.56,6.802627038195366,False
25,0.10022450288646569,0.003687244934831633,12654665.41,21.123069452927997,False
50,0.20044900577293137,0.007374489869663266,15557579.030000005,25.96859037540577,False
75,0.30067350865939707,0.0110617348044949,17273253.610000007,28.83238109114648,False
100,0.40089801154586274,0.014748979739326531,18535101.740000013,30.938648212833854,False
125,0.5011225144323285,0.018436224674158164,19529441.090000015,32.59839175162642,False
150,0.6013470173187941,0.0221234696089898,20362049.760000013,33.98817569246631,False
175,0.7015715202052598,0.02581071454382143,21065169.800000016,35.16181821539932,False
200,0.8017960230917255,0.029497959478653062,21683240.700000014,36.19349737281243,False
225,0.9020205259781912,0.0331852044134847,22219014.950000014,37.087807599687125,False
250,1.002245028864657,0.03687244934831633,22700238.980000015,37.89106302199765,True
275,1.1024695317511224,0.040559694283147964,23134967.720000014,38.61670886648971,False
300,1.2026940346375883,0.0442469392179796,23540593.440000016,39.293776175490486,False
325,1.302918537524054,0.04793418415281123,23916390.310000014,39.92105339918778,False
350,1.4031430404105196,0.05162142908764286,24269545.970000014,40.510538090579125,False
375,1.5033675432969853,0.0553086740224745,24599954.740000006,41.06205384942733,False
400,1.603592046183451,0.058995918957306125,24911592.940000005,41.58223791826756,False
425,1.7038165490699166,0.06268316389213777,25211028.100000005,42.082052767289994,False
449,1.8000320718409235,0.06622291902957614,25484572.630000006,42.53865117731928,False
474,1.9002565747273894,0.06991016396440776,25756082.330000013,42.99185306487861,False
499,2.000481077613855,0.0735974088992394,26015414.590000015,43.4247284639418,False
524,2.1007055805003207,0.07728465383407103,26267158.15000002,43.84493686376289,False
549,2.2009300833867864,0.08097189876890266,26516496.360000025,44.26113027200085,False
574,2.301154586273252,0.08465914370373429,26759170.41000003,44.66619991600129,False
599,2.4013790891597178,0.08834638863856592,26992806.80000003,45.0561839679543,False
624,2.5016035920461834,0.09203363357339756,27218193.270000022,45.432397317364384,False
649,2.601828094932649,0.09572087850822919,27437615.71000002,45.79865555410831,False
674,2.7020525978191148,0.09940812344306084,27650250.29000002,46.15358354753316,False
699,2.8022771007055804,0.10309536837789246,27857632.520000022,46.49974435903367,False
724,2.902501603592046,0.1067826133127241,28061396.93000002,46.83986633342136,False
749,3.002726106478512,0.11046985824755573,28259425.730000015,47.170414472037066,False
774,3.1029506093649775,0.11415710318238735,28453111.26000002,47.49371285802081,False
799,3.203175112251443,0.11784434811721899,28639633.11000003,47.80505368485336,False
824,3.3033996151379084,0.12153159305205062,28818586.400000032,48.10376112997577,False
849,3.4036241180243745,0.12521883798688227,28994028.780000027,48.39660819132901,False
874,3.5038486209108406,0.12890608292171388,29167686.500000026,48.68647631203794,False
898,3.600064143681847,0.13244583805915228,29330651.460000027,48.95849616060332,False
923,3.700288646568313,0.13613308299398388,29495215.360000025,49.23318494742796,False
948,3.800513149454779,0.13982032792881552,29654833.54000002,49.49961837674846,False
973,3.900737652341244,0.14350757286364715,29810285.980000015,49.75909838513748,False
998,4.00096215522771,0.1471948177984788,29962778.480000008,50.01363768461237,False
1023,4.101186658114176,0.15088206273331042,30112233.020000014,50.263106044793645,False
1048,4.2014111610006415,0.15456930766814206,30258668.970000014,50.50753579793522,False
1073,4.301635663887107,0.1582565526029737,30401785.010000017,50.746423983027746,False
1098,4.401860166773573,0.16194379753780533,30542365.660000015,50.98108011477669,False
1123,4.5020846696600385,0.16563104247263696,30680298.64000002,51.211316776276014,False
1148,4.602309172546504,0.16931828740746857,30816074.880000025,51.43795342407795,False
1173,4.70253367543297,0.17300553234230023,30949811.72000002,51.66118592120132,False
1198,4.8027581783194355,0.17669277727713184,31080764.220000025,51.87977081957001,False
1223,4.902982681205901,0.1803800222119635,31209601.160000026,52.09482444157825,False
1248,5.003207184092367,0.1840672671467951,31336520.05000003,52.30667646938769,True
1273,5.1034316869788325,0.18775451208162675,31461586.87000003,52.51543703630313,False
1298,5.203656189865298,0.19144175701645838,31586214.620000027,52.72346471097653,False
1323,5.303880692751764,0.19512900195129002,31709274.060000036,52.928874574749344,False
1347,5.400096215522772,0.19866875708872841,31825605.49000004,53.12305409635935,False
1372,5.500320718409236,0.20235600202356002,31944389.450000037,53.32132736204292,False
1397,5.600545221295702,0.20604324695839166,32061567.000000026,53.5169192206011,False
1422,5.700769724182169,0.20973049189322326,32177058.08000002,53.709696036502194,False
1447,5.800994227068633,0.21341773682805493,32290943.65000002,53.89979294755094,False
1472,5.9012187299551,0.21710498176288656,32403280.39000001,54.08730456356412,False
1497,6.001443232841565,0.2207922266977182,32513768.000000007,54.271729626108545,False
1522,6.1016677357280305,0.2244794716325498,32622908.350000005,54.45390585269965,False
1547,6.201892238614497,0.22816671656738144,32730794.47000001,54.633988528292655,False
1572,6.302116741500963,0.2318539615022131,32837173.440000013,54.811555480783184,False
1597,6.4023412443874275,0.2355412064370447,32942036.270000007,54.986591704132884,False
1622,6.502565747273893,0.23922845137187634,33046197.650000002,55.16045707257747,False
1647,6.602790250160359,0.24291569630670798,33149245.53,55.33246379544957,False
1672,6.703014753046825,0.24660294124153964,33250746.02000001,55.50188762692299,False
1697,6.803239255933291,0.2502901861763713,33351058.83000001,55.66932899214265,False
1722,6.903463758819756,0.25397743111120286,33450797.950000007,55.835812758459305,False
1747,7.0036882617062215,0.2576646760460345,33548992.57000001,55.99971845734289,False
1772,7.103912764592687,0.2613519209808662,33645762.81000002,56.16124659216669,False
1796,7.200128287363694,0.26489167611830455,33737498.610000014,56.31437127874976,False
1821,7.30035279025016,0.26857892105313613,33832048.19000001,56.472192705107425,False
1846,7.400577293136626,0.27226616598796777,33925695.81,56.62850858682154,False
1871,7.500801796023092,0.2759534109227994,34018385.39,56.783225315590634,False
1896,7.601026298909558,0.27964065585763104,34110686.44000001,56.937293513094126,False
1921,7.701250801796024,0.2833279007924627,34202137.10999999,57.08994226289037,False
1946,7.801475304682488,0.2870151457272943,34292637.92,57.241005513734265,False
1971,7.901699807568955,0.29070239066212594,34382168.06000001,57.390448529735,False
1996,8.00192431045542,0.2943896355969576,34470665.04,57.53816700306872,False
2021,8.102148813341886,0.2980768805317892,34558002.730000004,57.683950398516735,False
2046,8.202373316228352,0.30176412546662085,34643917.36999999,57.827358449930635,False
2071,8.302597819114817,0.3054513704014525,34729130.13999999,57.969594945378724,False
2096,8.402822322001283,0.3091386153362841,34813410.249999985,58.11027465198111,False
2121,8.503046824887749,0.31282586027111575,34896471.80999999,58.248920364364956,False
2146,8.603271327774214,0.3165131052059474,34978525.73,58.38588413186808,False
2171,8.70349583066068,0.320200350140779,35059623.11,58.52125125021457,False
2196,8.803720333547146,0.32388759507561066,35139921.07,58.655283982891014,False
2221,8.903944836433611,0.3275748400104423,35220021.07,58.78898628226927,False
2245,9.000160359204619,0.33111459514788066,35296917.07,58.9173404896724,False
2270,9.100384862091083,0.3348018400827123,35377017.07,59.05104278905067,False
2295,9.200609364977549,0.3384890850175439,35456601.40999999,59.18388435275228,False
2320,9.300833867864016,0.34217632995237557,35535603.819999985,59.31575456340676,False
2345,9.401058370750482,0.3458635748872072,35613894.10999996,59.446436108874764,False
2370,9.501282873636947,0.3495508198220388,35691527.10999995,59.57602051096753,False
2395,9.601507376523411,0.3532380647568704,35768513.03999997,59.70452482882992,False
2420,9.701731879409877,0.3569253096917021,35844840.24999997,59.83192961637208,False
2445,9.801956382296344,0.36061255462653374,35920666.19999998,59.958497704606074,False
2470,9.90218088518281,0.3642997995613653,35995832.47999998,60.083964676787225,False
2495,10.002405388069276,0.36798704449619696,36070832.47999998,60.20915409568073,True
2520,10.10262989095574,0.37167428943102865,36145547.97999998,60.33386862937855,False
2545,10.202854393842205,0.3753615343658602,36219650.23,60.45755953092793,False
2570,10.303078896728673,0.37904877930069186,36293163.349999994,60.5802670612459,False
2595,10.403303399615139,0.3827360242355235,36365940.69999998,60.70174644998067,False
2620,10.503527902501604,0.38642326917035513,36438063.63999997,60.82213350261386,False
2645,10.60375240538807,0.39011051410518677,36509576.82999997,60.94150276527146,False
2670,10.703976908274534,0.3937977590400184,36580226.929999955,61.05943136478834,False
2694,10.800192431045543,0.39733751417745683,36647531.47999996,61.17177559816687,False
2719,10.900416933932009,0.4010247591122884,36717169.41999995,61.288014708054064,False
2744,11.000641436818473,0.40471200404712004,36786338.44999996,61.40347111700244,False
2769,11.100865939704939,0.4083992489819516,36854930.279999964,61.517964068183005,False
2794,11.201090442591404,0.4120864939167833,36922837.96999997,61.63131505817635,False
2819,11.301314945477872,0.41577373885161495,36990435.40999997,61.744148181273516,False
2844,11.401539448364337,0.41946098378644653,37057660.89999996,61.8563604483126,False
2869,11.501763951250801,0.4231482287212782,37124454.59999996,61.967851974829216,False
2894,11.601988454137267,0.42683547365610985,37190936.549999945,62.07882313066128,False
2919,11.702212957023733,0.4305227185909415,37257205.49999995,62.18943874854372,False
2944,11.8024374599102,0.4342099635257731,37323054.67999995,62.299353689594575,False
2969,11.902661962796666,0.4378972084606047,37388365.749999925,62.4083704216027,False
2994,12.00288646568313,0.4415844533954364,37453242.23999991,62.51666175604201,False
3019,12.103110968569595,0.44527169833026803,37517623.66999988,62.62412674016507,False
3044,12.203335471456061,0.4489589432650996,37581625.9399999,62.73095883335397,False
3069,12.303559974342528,0.4526461881999313,37645114.559999906,62.83693354594264,False
3094,12.403784477228994,0.4563334331347629,37708238.5199999,62.94229957088472,False
3119,12.504008980115458,0.4600206780695945,37771338.5199999,63.04762560198045,False
3143,12.600224502886464,0.46356043320703294,37831748.46999991,63.148461422458944,False
3168,12.700449005772931,0.4672476781418645,37894269.28999991,63.252820690786216,False
3193,12.800673508659397,0.47093492307669615,37956409.16999989,63.35654409701701,False
3218,12.900898011545864,0.47462216801152785,38018048.80999989,63.45943250651573,False
3243,13.001122514432328,0.4783094129463594,38079172.1999999,63.56145919551444,False
3268,13.101347017318792,0.4819966578811911,38139767.009999916,63.66260358287262,False
3293,13.20157152020526,0.4856839028160227,38199987.58999991,63.763123308414336,False
3318,13.301796023091725,0.48937114775085433,38260187.58999991,63.86360868197952,False
3343,13.402020525978193,0.493058392685686,38320387.58999991,63.964094055544706,False
3368,13.502245028864657,0.4967456376205176,38380587.58999991,64.0645794291099,False
3393,13.60246953175112,0.5004328825553492,38440787.58999991,64.16506480267508,False
3418,13.702694034637588,0.5041201274901809,38500930.28999991,64.26545453152423,False
3443,13.802918537524054,0.5078073724250125,38560514.609999925,64.36491221680379,False
3468,13.903143040410521,0.5114946173598441,38619480.019999936,64.4633368223067,False
3493,14.003367543296985,0.5151818622946758,38678115.13999993,64.56121011030069,False
3518,14.103592046183449,0.5188691072295074,38736715.13999993,64.65902477626283,False
3543,14.203816549069916,0.522556352164339,38795189.379999936,64.75662952460735,False
3567,14.300032071840924,0.5260961073017774,38850803.04999993,64.8494594316718,False
3592,14.400256574727388,0.5297833522366091,38908206.39999994,64.94527665872569,False
3617,14.500481077613856,0.5334705971714406,38965047.489999935,65.04015536574398,False
3642,14.60070558050032,0.5371578421062723,39021492.379999936,65.1343727387921,False
3667,14.700930083386787,0.540845087041104,39077898.37999999,65.2285251969536,False
3692,14.801154586273253,0.5445323319759355,39134304.38000004,65.32267765511513,False
3717,14.901379089159716,0.5482195769107672,39190708.96000004,65.41682774302355,False
3742,15.001603592046184,0.5519068218455988,39247107.49000001,65.5109677323188,False
3767,15.101828094932648,0.5555940667804304,39303267.97000002,65.60471037039855,False
3792,15.202052597819115,0.5592813117152621,39358952.15000001,65.69765797220869,False
3817,15.302277100705581,0.5629685566500937,39414136.53000001,65.78977131173133,False
3842,15.402501603592048,0.5666558015849253,39469233.71000001,65.88173909768959,False
3867,15.502726106478512,0.570343046519757,39524070.91000002,65.97327292704624,False
3892,15.602950609364976,0.5740302914545886,39578452.21000002,66.06404577165522,False
3917,15.703175112251444,0.5777175363894202,39632675.74000003,66.15455526780264,False
3942,15.80339961513791,0.5814047813242519,39686500.210000046,66.24439865609,False
3967,15.903624118024377,0.5850920262590835,39739841.650000036,66.33343577444388,False
3992,16.00384862091084,0.5887792711939152,39792832.03000002,66.42188690616581,False
4016,16.10006414368185,0.5923190263313535,39843318.36000002,66.50615829702934,False
4041,16.200288646568314,0.5960062712661852,39895605.990000024,66.59343640389625,False
4066,16.30051314945478,0.5996935162010167,39947580.39000002,66.6801916696741,False
4091,16.400737652341242,0.6033807611358484,39999250.96,66.76643978477001,False
4116,16.50096215522771,0.6070680060706801,40050583.79000001,66.8521241468748,False
4141,16.601186658114177,0.6107552510055116,40101591.01000001,66.93726500329046,False
4166,16.701411161000642,0.6144424959403433,40152308.590000026,67.02192239486227,False
4191,16.801635663887108,0.618129740875175,40202676.570000015,67.10599623682279,False
4216,16.90186016677357,0.6218169858100066,40252724.85000002,67.18953643802038,False
4241,17.00208466966004,0.6255042307448383,40302696.570000015,67.27294884585916,False
4266,17.102309172546505,0.6291914756796698,40352395.87000001,67.35590653234466,False
4291,17.20253367543297,0.6328787206145015,40401745.79000001,67.43828103644121,False
4316,17.302758178319436,0.6365659655493332,40450679.86,67.51996140693977,False
4341,17.4029826812059,0.6402532104841647,40499249.82999998,67.60103402453942,False
4366,17.503207184092368,0.6439404554189964,40547757.179999955,67.68200211732022,False
4391,17.603431686978833,0.647627700353828,40596055.50999995,67.76262131553658,False
4416,17.7036561898653,0.6513149452886596,40643947.07999995,67.84256155311253,False
4441,17.803880692751765,0.6550021902234913,40691563.94999995,67.92204326357691,False
4465,17.90009621552277,0.6585419453609296,40737074.76999995,67.99800957169913,False
4490,18.000320718409238,0.6622291902957613,40784268.459999956,68.07678491338633,False
4515,18.100545221295704,0.665916435230593,40831224.14999996,68.15516298731758,False
4540,18.200769724182166,0.6696036801654246,40877917.06999996,68.2331024476008,False
4565,18.300994227068635,0.6732909251002562,40924318.89999996,68.3105560227114,False
4590,18.401218729955097,0.6769781700350878,40970451.54999996,68.38756028465163,False
4615,18.501443232841567,0.6806654149699195,41016300.64999997,68.46409124712885,False
4640,18.601667735728032,0.6843526599047511,41061909.87999995,68.54022182046054,False
4665,18.701892238614494,0.6880399048395827,41107174.03999997,68.61577640562194,False
4690,18.802116741500964,0.6917271497744144,41152267.32999998,68.69104577590325,False
4715,18.902341244387426,0.6954143947092459,41197101.59999999,68.76588279200745,False
4740,19.002565747273895,0.6991016396440776,41241687.88999999,68.84030588181702,False
4765,19.10279025016036,0.7027888845789093,41285961.89000001,68.91420769957826,False
4790,19.203014753046823,0.7064761295137408,41330005.10000002,68.98772428445966,False
4815,19.303239255933292,0.7101633744485725,41374008.60000003,69.06117458571676,False
4840,19.403463758819754,0.7138506193834042,41417930.60000004,69.13448884780532,False
4865,19.503688261706223,0.7175378643182357,41461564.89000003,69.20732286659104,False
4890,19.60391276459269,0.7212251092530675,41504943.58000002,69.27973023983716,False
4914,19.700128287363693,0.7247648643905058,41546384.240000024,69.34890266842335,False
4939,19.800352790250162,0.7284521093253374,41589322.49,69.42057486263403,False
4964,19.900577293136624,0.7321393542601691,41632001.150000006,69.49181375122808,False
4989,20.00080179602309,0.7358265991950007,41674488.71,69.56273365718279,True
5014,20.10102629890956,0.7395138441298323,41716747.050000004,69.63327095088951,False
5039,20.20125080179602,0.743201089064664,41758774.23000001,69.7034223941153,False
5064,20.30147530468249,0.7468883339994956,41800599.190000005,69.77323629328387,False
5089,20.401699807568953,0.7505755789343272,41842181.91,69.84264584732132,False
5114,20.50192431045542,0.7542628238691588,41883472.529999994,69.91156783030202,False
5139,20.602148813341888,0.7579500688039905,41924529.16000001,69.98009923898772,False
5164,20.70237331622835,0.7616373137388222,41965333.22,70.04820905978632,False
5189,20.80259781911482,0.7653245586736537,42005971.31,70.11604184474687,False
5214,20.90282232200128,0.7690118036084854,42046364.59,70.18346599475225,False
5239,21.003046824887747,0.772699048543317,42086527.239999995,70.25050517894854,False
5264,21.103271327774216,0.7763862934781487,42126460.10999998,70.31716081614917,False
5289,21.203495830660678,0.7800735384129803,42166140.939999975,70.38339575013467,False
5314,21.303720333547147,0.783760783347812,42205620.549999975,70.44929480925522,False
5339,21.40394483643361,0.7874480282826436,42244877.269999966,70.51482182211474,False
5363,21.500160359204617,0.7909877834200819,42282351.64999996,70.57737376685598,False
5388,21.600384862091087,0.7946750283549137,42321217.289999954,70.64224799200963,False
5413,21.70060936497755,0.7983622732897452,42359854.37999996,70.70674072327412,False
5438,21.800833867864018,0.8020495182245768,42398245.389999956,70.77082269970924,False
5463,21.90105837075048,0.8057367631594083,42436400.43999998,70.83451081354065,False
5488,22.001282873636946,0.8094240080942401,42474428.339999974,70.89798668957718,False
5513,22.101507376523415,0.8131112530290717,42512307.32999998,70.96121400619549,False
5538,22.201731879409877,0.8167984979639032,42549987.94999998,71.02411020514678,False
5563,22.301956382296346,0.820485742898735,42587502.00999999,71.08672838343662,False
5588,22.40218088518281,0.8241729878335666,42625002.00999999,71.14932309288336,False
5613,22.502405388069274,0.8278602327683982,42662502.00999999,71.21191780233012,False
5638,22.602629890955743,0.8315474777032299,42699859.449999996,71.27427455172945,False
5663,22.702854393842205,0.8352347226380615,42736994.82999998,71.33626064029728,False
5688,22.803078896728675,0.8389219675728931,42773895.689999975,71.3978552698982,False
5713,22.903303399615137,0.8426092125077248,42810592.59999997,71.45910946773935,False
5738,23.003527902501602,0.8462964574425564,42847048.369999975,71.51996115656091,False
5763,23.10375240538807,0.849983702377388,42883352.82999997,71.5805602799028,False
5788,23.203976908274534,0.8536709473122197,42919641.35999996,71.6411328130121,False
5812,23.30019243104554,0.857210702449658,42954351.109999955,71.69907005877795,False
5837,23.400416933932007,0.8608979473844897,42990318.029999964,71.75910576296715,False
5862,23.500641436818473,0.8645851923193213,43026107.099999964,71.81884460131434,False
5887,23.60086593970494,0.868272437254153,43061715.57999995,71.87828200023273,False
5912,23.701090442591404,0.8719596821889846,43097109.76999997,71.93736170794351,False
5937,23.80131494547787,0.8756469271238162,43132420.55999994,71.99630220502038,False
5962,23.901539448364336,0.879334172058648,43167695.089999944,72.05518217718628,False
5987,24.0017639512508,0.8830214169934795,43202816.81999995,72.11380709677609,False
6012,24.10198845413727,0.8867086619283111,43237800.04999996,72.172200833239,False
6037,24.202212957023733,0.8903959068631428,43272641.549999975,72.23035799508408,False
6062,24.302437459910198,0.8940831517979744,43307338.79999998,72.28827437594678,False
6087,24.402661962796664,0.897770396732806,43341871.010000005,72.34591527332027,False
6112,24.50288646568313,0.9014576416676378,43376203.85999999,72.40322340052636,False
6137,24.603110968569595,0.9051448866024693,43410309.27999998,72.46015190333857,False
6162,24.70333547145606,0.9088321315373009,43444237.41999999,72.51678449174842,False
6187,24.803559974342527,0.9125193764721324,43478039.44999999,72.57320657832337,False
6212,24.903784477228992,0.9162066214069642,43511710.10999996,72.62940938311213,False
6237,25.00400898011546,0.9198938663417958,43545370.109999925,72.68559439431147,False
6261,25.100224502886466,0.9234336214792341,43577613.889999926,72.73941546205988,False
6286,25.200449005772928,0.9271208664140659,43610990.51999992,72.79512747425085,False
6311,25.3006735086594,0.9308081113488974,43644148.29999991,72.85047418371747,False
6336,25.400898011545863,0.934495356283729,43677189.17999991,72.90562576460987,False
6361,25.50112251443233,0.9381826012185608,43710189.17999991,72.96070910892301,False
6386,25.601347017318794,0.9418698461533923,43743189.17999991,73.01579245323616,False
6411,25.701571520205256,0.9455570910882239,43776189.17999991,73.07087579754929,False
6436,25.80179602309173,0.9492443360230557,43809189.17999991,73.12595914186244,False
6461,25.90202052597819,0.9529315809578873,43842189.17999991,73.18104248617557,False
6486,26.002245028864657,0.9566188258927188,43875178.20999992,73.23610751944973,False
6511,26.102469531751122,0.9603060708275504,43908022.02999993,73.29093016931698,False
6536,26.202694034637585,0.9639933157623822,43940697.71999993,73.34547217789091,False
6561,26.302918537524057,0.9676805606972138,43973241.47999993,73.39979396993104,False
6586,26.40314304041052,0.9713678056320454,44005659.60999993,73.45390606134856,False
6611,26.503367543296985,0.9750550505668771,44037940.85999994,73.50778967373066,False
6636,26.60359204618345,0.9787422955017087,44070136.37999995,73.561530186261,False
6661,26.703816549069913,0.9824295404365403,44102235.73999994,73.61511018926436,False
6685,26.800032071840924,0.9859692955739787,44132963.32999995,73.66640044441233,False
6710,26.900256574727386,0.9896565405088104,44164843.269999936,73.71961419325179,False
6735,27.000481077613852,0.9933437854436419,44196540.959999956,73.77252373180336,False
6760,27.10070558050032,0.9970310303784736,44228080.47999995,73.82516925421643,False
6785,27.200930083386787,1.0007182753133053,44259473.16999994,73.87756968913112,False
6810,27.301154586273253,1.0044055202481368,44290725.87999995,73.92973647051443,False
6835,27.401379089159718,1.0080927651829683,44321878.779999934,73.98173664981904,False
6860,27.50160359204618,1.0117800101178,44352891.399999954,74.03350267483461,False
6885,27.60182809493265,1.0154672550526318,44383761.229999945,74.08503035588848,False
6910,27.702052597819115,1.0191544999874633,44414511.299999945,74.13635813447826,False
6935,27.80227710070558,1.022841744922295,44445213.2999999,74.18760567499643,False
6960,27.902501603592043,1.0265289898571266,44475913.75999986,74.23885064495853,False
6985,28.00272610647851,1.0302162347919581,44506479.209999874,74.28987025727481,False
7010,28.102950609364978,1.0339034797267899,44536899.749999866,74.34064798694182,False
7035,28.203175112251444,1.0375907246616216,44567215.59999987,74.39125096887199,False
7060,28.30339961513791,1.0412779695964531,44597422.459999874,74.44167202553864,False
7085,28.403624118024375,1.0449652145312849,44627537.39999989,74.49193965005348,False
7110,28.503848620910837,1.0486524594661164,44657637.39999989,74.54218233683608,False
7134,28.60006414368185,1.0521922146035547,44686533.39999989,74.59041531614737,False
7159,28.70028864656831,1.0558794595383865,44716633.39999989,74.64065800292997,False
7184,28.800513149454776,1.0595667044732182,44746733.39999989,74.69090068971256,False
7209,28.900737652341245,1.0632539494080497,44776833.39999989,74.74114337649515,False
7234,29.00096215522771,1.0669411943428813,44806933.39999989,74.79138606327774,False
7259,29.101186658114177,1.070628439277713,44837033.39999989,74.84162875006032,False
7284,29.20141116100064,1.0743156842125445,44867133.39999989,74.89187143684293,False
7309,29.301635663887104,1.0780029291473763,44897233.39999989,74.94211412362552,False
7334,29.401860166773574,1.081690174082208,44927333.39999989,74.9923568104081,False
7359,29.50208466966004,1.0853774190170395,44957433.39999989,75.0425994971907,False
7384,29.602309172546505,1.089064663951871,44987533.39999989,75.09284218397329,False
7409,29.702533675432967,1.0927519088867028,45017633.39999989,75.14308487075589,False
7434,29.802758178319433,1.0964391538215343,45047733.39999989,75.19332755753847,False
7459,29.902982681205902,1.100126398756366,45077833.39999989,75.24357024432106,False
7484,30.003207184092368,1.1038136436911976,45107933.39999989,75.29381293110366,False
7509,30.103431686978833,1.1075008886260294,45138033.39999989,75.34405561788626,False
7534,30.203656189865296,1.1111881335608609,45168133.39999989,75.39429830466884,False
7559,30.30388069275176,1.1148753784956924,45198233.39999989,75.44454099145143,False
7583,30.40009621552277,1.118415133633131,45227129.39999989,75.49277397076273,False
7608,30.500320718409235,1.1221023785679625,45257229.39999989,75.54301665754531,False
7633,30.6005452212957,1.1257896235027942,45287329.39999989,75.59325934432792,False
7658,30.70076972418217,1.129476868437626,45317429.39999989,75.6435020311105,False
7683,30.800994227068635,1.1331641133724575,45347529.39999989,75.6937447178931,False
7708,30.901218729955097,1.136851358307289,45377629.39999989,75.74398740467568,False
7733,31.001443232841563,1.1405386032421208,45407729.39999989,75.79423009145827,False
7758,31.101667735728032,1.1442258481769523,45437829.39999989,75.84447277824087,False
7783,31.201892238614498,1.147913093111784,45467929.39999989,75.89471546502347,False
7808,31.302116741500964,1.1516003380466155,45498029.39999989,75.94495815180605,False
7833,31.402341244387426,1.1552875829814473,45528129.39999989,75.99520083858864,False
7858,31.50256574727389,1.1589748279162788,45558229.39999989,76.04544352537124,False
7883,31.60279025016036,1.1626620728511106,45588329.39999989,76.09568621215382,False
7908,31.703014753046826,1.1663493177859423,45618429.39999989,76.14592889893642,False
7933,31.803239255933292,1.1700365627207738,45648529.39999989,76.19617158571901,False
7958,31.903463758819754,1.1737238076556054,45678629.39999989,76.24641427250161,False
7983,32.00368826170622,1.177411052590437,45708729.39999989,76.29665695928419,False
8008,32.10391276459269,1.1810982975252686,45738829.39999989,76.34689964606679,False
8032,32.2001282873637,1.184638052662707,45767725.39999989,76.39513262537808,False
8057,32.30035279025016,1.1883252975975387,45797825.39999989,76.44537531216066,False
8082,32.40057729313663,1.1920125425323704,45827925.39999989,76.49561799894326,False
8107,32.50080179602309,1.195699787467202,45858025.39999989,76.54586068572586,False
8132,32.60102629890956,1.1993870324020335,45888125.39999989,76.59610337250845,False
8157,32.70125080179602,1.2030742773368652,45918225.39999989,76.64634605929103,False
8182,32.801475304682484,1.2067615222716968,45948325.39999989,76.69658874607363,False
8207,32.90169980756896,1.2104487672065285,45978425.39999989,76.74683143285623,False
8232,33.00192431045542,1.2141360121413602,46008525.39999989,76.79707411963882,False
8257,33.102148813341884,1.2178232570761918,46038625.39999989,76.8473168064214,False
8282,33.20237331622835,1.2215105020110233,46068725.39999989,76.897559493204,False
8307,33.302597819114816,1.225197746945855,46098825.39999989,76.9478021799866,False
8332,33.402822322001285,1.2288849918806866,46128925.39999989,76.99804486676919,False
8357,33.50304682488775,1.2325722368155183,46159025.39999989,77.04828755355177,False
8382,33.603271327774216,1.23625948175035,46189125.39999989,77.09853024033437,False
8407,33.70349583066068,1.2399467266851816,46219225.39999989,77.14877292711697,False
8432,33.80372033354714,1.243633971620013,46249325.39999989,77.19901561389956,False
8457,33.90394483643362,1.2473212165548446,46279425.39999989,77.24925830068214,False
8481,34.00016035920462,1.2508609716922832,46308321.39999989,77.29749127999344,False
8506,34.10038486209108,1.254548216627115,46338421.39999989,77.34773396677602,False
8531,34.20060936497755,1.2582354615619464,46368521.39999989,77.39797665355862,False
8556,34.300833867864014,1.2619227064967782,46398621.39999989,77.44821934034121,False
8581,34.401058370750484,1.2656099514316097,46428721.39999989,77.49846202712381,False
8606,34.501282873636946,1.2692971963664412,46458821.39999989,77.54870471390639,False
8631,34.60150737652341,1.272984441301273,46488921.39999989,77.59894740068898,False
8656,34.70173187940988,1.2766716862361047,46519021.39999989,77.64919008747158,False
8681,34.801956382296346,1.2803589311709362,46549121.39999989,77.69943277425418,False
8706,34.90218088518281,1.284046176105768,46579221.39999989,77.74967546103676,False
8731,35.00240538806928,1.2877334210405995,46609321.39999989,77.79991814781935,False
8756,35.10262989095574,1.291420665975431,46639421.39999989,77.85016083460195,False
8781,35.20285439384221,1.2951079109102628,46669521.39999989,77.90040352138455,False
8806,35.30307889672867,1.2987951558450945,46699621.39999989,77.95064620816713,False
8831,35.40330339961514,1.302482400779926,46729721.39999989,78.00088889494972,False
8856,35.5035279025016,1.3061696457147576,46759821.39999989,78.0511315817323,False
8881,35.603752405388065,1.3098568906495893,46789921.39999989,78.10137426851492,False
8906,35.70397690827454,1.3135441355844208,46820021.39999989,78.1516169552975,False
8930,35.80019243104554,1.3170838907218592,46848917.39999989,78.19984993460879,False
8955,35.90041693393201,1.320771135656691,46879017.39999989,78.25009262139137,False
8980,36.000641436818476,1.3244583805915227,46909117.39999989,78.30033530817397,False
9005,36.10086593970494,1.3281456255263542,46939217.39999989,78.35057799495657,False
9030,36.20109044259141,1.331832870461186,46969317.39999989,78.40082068173916,False
9055,36.30131494547787,1.3355201153960174,46999417.39999989,78.45106336852174,False
9080,36.40153944836433,1.3392073603308492,47029517.39999989,78.50130605530434,False
9105,36.5017639512508,1.3428946052656807,47059617.39999989,78.55154874208694,False
9130,36.60198845413727,1.3465818502005125,47089717.39999989,78.60179142886953,False
9155,36.70221295702373,1.350269095135344,47119817.39999989,78.65203411565211,False
9180,36.802437459910195,1.3539563400701755,47149917.39999989,78.70227680243471,False
9205,36.902661962796664,1.3576435850050073,47180017.39999989,78.75251948921729,False
9230,37.00288646568313,1.361330829939839,47210117.39999989,78.8027621759999,False
9255,37.103110968569595,1.3650180748746705,47240217.39999989,78.85300486278248,False
9280,37.203335471456064,1.3687053198095023,47270317.39999989,78.90324754956508,False
9305,37.30355997434253,1.3723925647443338,47300417.39999989,78.95349023634766,False
9330,37.40378447722899,1.3760798096791653,47330517.39999989,79.00373292313027,False
9355,37.50400898011546,1.379767054613997,47360617.39999989,79.05397560991285,False
9379,37.60022450288646,1.3833068097514354,47389513.39999989,79.10220858922415,False
9404,37.70044900577293,1.3869940546862671,47419613.39999989,79.15245127600673,False
9429,37.8006735086594,1.3906812996210987,47449713.39999989,79.20269396278933,False
9454,37.90089801154586,1.3943685445559304,47479813.39999989,79.25293664957192,False
9479,38.001122514432325,1.398055789490762,47509913.39999989,79.30317933635452,False
9504,38.101347017318794,1.4017430344255934,47540013.39999989,79.3534220231371,False
9529,38.201571520205256,1.4054302793604252,47570113.39999989,79.4036647099197,False
9554,38.301796023091725,1.409117524295257,47600213.39999989,79.45390739670228,False
9579,38.402020525978195,1.4128047692300885,47630313.39999989,79.50415008348489,False
9604,38.50224502886466,1.4164920141649202,47660413.39999989,79.55439277026747,False
9629,38.60246953175112,1.4201792590997517,47690513.39999989,79.60463545705007,False
9654,38.70269403463759,1.4238665040345833,47720613.39999989,79.65487814383265,False
9679,38.80291853752406,1.427553748969415,47750713.39999989,79.70512083061524,False
9704,38.90314304041052,1.4312409939042467,47780813.39999989,79.75536351739784,False
9729,39.00336754329699,1.4349282388390783,47810913.39999989,79.80560620418044,False
9754,39.10359204618345,1.4386154837739098,47841013.39999989,79.85584889096302,False
9779,39.20381654906991,1.4423027287087415,47871113.39999989,79.90609157774561,False
9803,39.300032071840924,1.4458424838461799,47900009.39999989,79.95432455705689,False
9828,39.400256574727386,1.4495297287810116,47930109.39999989,80.0045672438395,False
9853,39.500481077613856,1.4532169737158434,47960209.39999989,80.05480993062208,False
9878,39.600705580500325,1.4569042186506749,47990309.39999989,80.10505261740468,False
9903,39.70093008338679,1.4605914635855064,48020409.39999989,80.15529530418726,False
9928,39.80115458627325,1.4642787085203381,48050509.39999989,80.20553799096987,False
9953,39.90137908915972,1.4679659534551697,48080609.39999989,80.25578067775245,False
9978,40.00160359204618,1.4716531983900014,48110709.39999989,80.30602336453505,False
10003,40.10182809493265,1.4753404433248332,48140809.39999989,80.35626605131763,False
10028,40.20205259781912,1.4790276882596647,48170909.39999989,80.40650873810023,False
10053,40.30227710070558,1.4827149331944962,48201009.39999989,80.45675142488282,False
10078,40.40250160359204,1.486402178129328,48231109.39999989,80.50699411166542,False
10103,40.50272610647851,1.4900894230641595,48261209.39999989,80.557236798448,False
10128,40.60295060936498,1.4937766679989912,48291309.39999989,80.6074794852306,False
10153,40.703175112251444,1.4974639129338227,48321409.39999989,80.6577221720132,False
10178,40.803399615137906,1.5011511578686545,48351509.39999989,80.70796485879579,False
10203,40.903624118024375,1.504838402803486,48381609.39999989,80.75820754557837,False
10228,41.00384862091084,1.5085256477383175,48411709.39999989,80.80845023236097,False
10252,41.10006414368185,1.512065402875756,48440605.39999989,80.85668321167225,False
10277,41.20028864656831,1.5157526478105876,48470705.39999989,80.90692589845486,False
10302,41.30051314945477,1.5194398927454194,48500805.39999989,80.95716858523744,False
10327,41.40073765234125,1.523127137680251,48530905.39999989,81.00741127202004,False
10352,41.50096215522771,1.5268143826150826,48561005.39999989,81.05765395880262,False
10377,41.60118665811417,1.5305016275499141,48591105.39999989,81.10789664558521,False
10402,41.70141116100064,1.534188872484746,48621205.39999989,81.15813933236781,False
10427,41.801635663887104,1.5378761174195776,48651305.39999989,81.2083820191504,False
10452,41.901860166773574,1.5415633623544092,48681405.39999989,81.25862470593299,False
10477,42.002084669660036,1.5452506072892407,48711505.39999989,81.30886739271558,False
10502,42.102309172546505,1.5489378522240724,48741605.39999989,81.35911007949818,False
10527,42.20253367543297,1.552625097158904,48771705.39999989,81.40935276628078,False
10552,42.302758178319436,1.5563123420937357,48801805.39999989,81.45959545306336,False
10577,42.402982681205906,1.5599995870285674,48831905.39999989,81.50983813984595,False
10602,42.50320718409237,1.5636868319633987,48862005.39999989,81.56008082662855,False
10627,42.60343168697883,1.5673740768982307,48892105.39999989,81.61032351341115,False
10652,42.7036561898653,1.5710613218330622,48922205.39999989,81.66056620019373,False
10677,42.80388069275176,1.5747485667678938,48952305.39999989,81.71080888697632,False
10701,42.90009621552277,1.578288321905332,48981201.39999989,81.75904186628762,False
10726,43.000320718409235,1.5819755668401638,49011301.39999989,81.8092845530702,False
10751,43.1005452212957,1.5856628117749954,49041401.39999989,81.85952723985281,False
10776,43.20076972418217,1.5893500567098273,49071501.39999989,81.90976992663539,False
10801,43.300994227068635,1.5930373016446588,49101601.39999989,81.96001261341797,False
10826,43.4012187299551,1.5967245465794904,49131701.39999989,82.01025530020057,False
10851,43.50144323284157,1.600411791514322,49161801.39999989,82.06049798698317,False
10876,43.601667735728036,1.6040990364491536,49191901.39999989,82.11074067376576,False
10901,43.7018922386145,1.6077862813839852,49222001.39999989,82.16098336054834,False
10926,43.80211674150096,1.6114735263188167,49252101.39999989,82.21122604733094,False
10951,43.90234124438743,1.6151607712536487,49282201.39999989,82.26146873411354,False
10976,44.00256574727389,1.6188480161884802,49312301.39999989,82.31171142089613,False
11001,44.10279025016036,1.622535261123312,49342401.39999989,82.36195410767871,False
11026,44.20301475304683,1.6262225060581434,49372501.39999989,82.41219679446131,False
11051,44.30323925593329,1.629909750992975,49402601.39999989,82.4624394812439,False
11076,44.403463758819754,1.6335969959278065,49432701.39999989,82.5126821680265,False
11101,44.50368826170622,1.6372842408626385,49462801.39999989,82.56292485480908,False
11126,44.60391276459269,1.64097148579747,49492901.39999989,82.61316754159168,False
11150,44.7001282873637,1.6445112409349083,49521797.39999989,82.66140052090297,False
11175,44.80035279025016,1.64819848586974,49551897.39999989,82.71164320768555,False
11200,44.90057729313663,1.6518857308045716,49581997.39999989,82.76188589446815,False
11225,45.00080179602309,1.655572975739403,49612097.39999989,82.81212858125075,False
11250,45.10102629890956,1.6592602206742346,49642197.39999989,82.86237126803334,False
11275,45.20125080179602,1.6629474656090666,49672297.39999989,82.91261395481592,False
11300,45.301475304682484,1.6666347105438981,49702397.39999989,82.96285664159852,False
11325,45.40169980756896,1.6703219554787299,49732497.39999989,83.01309932838112,False
11350,45.50192431045542,1.6740092004135614,49762597.39999989,83.06334201516371,False
11375,45.602148813341884,1.677696445348393,49792697.39999989,83.1135847019463,False
11400,45.70237331622835,1.6813836902832244,49822793.4199999,83.16382074534374,False
11425,45.802597819114816,1.6850709352180564,49852818.419999875,83.21393824270741,False
11450,45.902822322001285,1.688758180152888,49882777.80999987,83.26394622436744,False
11475,46.00304682488775,1.6924454250877197,49912572.06999988,83.31367857231096,False
11500,46.103271327774216,1.6961326700225512,49942251.03999988,83.36321847907972,False
11525,46.20349583066068,1.6998199149573827,49971773.72999988,83.41249752448337,False
11550,46.30372033354714,1.7035071598922142,50001097.229999885,83.46144408348235,False
11575,46.40394483643362,1.707194404827046,50030397.229999885,83.51035141646341,False
11599,46.50016035920462,1.7107341599644845,50058525.229999885,83.55730245612524,False
11624,46.60038486209108,1.714421404899316,50087825.229999885,83.6062097891063,False
11649,46.70060936497755,1.7181086498341478,50117125.229999885,83.65511712208736,False
11674,46.800833867864014,1.7217958947689793,50146425.229999885,83.70402445506842,False
11699,46.901058370750484,1.7254831397038108,50175725.229999885,83.75293178804948,False
11724,47.001282873636946,1.7291703846386426,50205025.229999885,83.80183912103054,False
11749,47.10150737652341,1.7328576295734743,50234325.229999885,83.8507464540116,False
11774,47.20173187940988,1.736544874508306,50263625.229999885,83.89965378699267,False
11799,47.301956382296346,1.7402321194431376,50292925.229999885,83.94856111997373,False
11824,47.40218088518281,1.7439193643779691,50322225.229999885,83.99746845295479,False
11849,47.50240538806928,1.7476066093128007,50351525.229999885,84.04637578593585,False
11874,47.60262989095574,1.7512938542476324,50380825.229999885,84.09528311891691,False
11899,47.70285439384221,1.754981099182464,50410125.229999885,84.14419045189797,False
11924,47.80307889672867,1.758668344117296,50439425.229999885,84.19309778487903,False
11949,47.90330339961514,1.7623555890521274,50468725.229999885,84.2420051178601,False
11974,48.0035279025016,1.766042833986959,50498025.229999885,84.29091245084116,False
11999,48.103752405388065,1.7697300789217905,50527325.229999885,84.33981978382222,False
12024,48.20397690827454,1.7734173238566222,50556625.229999885,84.38872711680328,False
12048,48.30019243104554,1.7769570789940605,50584753.229999885,84.4356781564651,False
12073,48.40041693393201,1.7806443239288923,50614053.229999885,84.48458548944616,False
12098,48.500641436818476,1.784331568863724,50643353.229999885,84.53349282242722,False
12123,48.60086593970494,1.7880188137985555,50672653.229999885,84.5824001554083,False
12148,48.70109044259141,1.791706058733387,50701953.229999885,84.63130748838934,False
12173,48.80131494547787,1.7953933036682186,50731253.229999885,84.6802148213704,False
12198,48.90153944836433,1.7990805486030503,50760553.229999885,84.72912215435147,False
12223,49.0017639512508,1.8027677935378819,50789853.229999885,84.77802948733253,False
12248,49.10198845413727,1.8064550384727138,50819153.229999885,84.82693682031359,False
12273,49.20221295702373,1.8101422834075453,50848453.229999885,84.87584415329465,False
12298,49.302437459910195,1.8138295283423769,50877753.229999885,84.92475148627572,False
12323,49.402661962796664,1.8175167732772084,50907053.229999885,84.97365881925677,False
12348,49.50288646568313,1.8212040182120401,50936353.229999885,85.02256615223783,False
12373,49.603110968569595,1.8248912631468717,50965653.229999885,85.0714734852189,False
12398,49.703335471456064,1.8285785080817036,50994953.229999885,85.12038081819996,False
12423,49.80355997434253,1.8322657530165352,51024253.229999885,85.16928815118102,False
12448,49.90378447722899,1.8359529979513667,51053553.229999885,85.21819548416208,False
12473,50.00400898011546,1.8396402428861984,51082853.229999885,85.26710281714315,True
12497,50.10022450288647,1.8431799980236367,51110981.229999885,85.31405385680496,False
12522,50.20044900577293,1.8468672429584683,51140281.229999885,85.36296118978602,False
12547,50.3006735086594,1.8505544878933002,51169581.229999885,85.4118685227671,False
12572,50.400898011545856,1.8542417328281318,51198881.229999885,85.46077585574815,False
12597,50.501122514432325,1.8579289777629633,51228181.229999885,85.50968318872921,False
12622,50.6013470173188,1.8616162226977948,51257481.229999885,85.55859052171027,False
12647,50.701571520205256,1.8653034676326266,51286781.229999885,85.60749785469133,False
12672,50.801796023091725,1.868990712567458,51316081.229999885,85.65640518767239,False
12697,50.90202052597819,1.8726779575022896,51345381.229999885,85.70531252065345,False
12722,51.00224502886466,1.8763652024371216,51374681.229999885,85.75421985363451,False
12747,51.102469531751126,1.880052447371953,51403981.229999885,85.80312718661558,False
12772,51.20269403463759,1.8837396923067846,51433281.229999885,85.85203451959664,False
12797,51.30291853752406,1.8874269372416164,51462581.229999885,85.90094185257769,False
12822,51.40314304041051,1.8911141821764479,51491881.229999885,85.94984918555876,False
12847,51.50336754329699,1.8948014271112794,51521181.229999885,85.99875651853982,False
12872,51.60359204618346,1.8984886720461114,51550481.229999885,86.04766385152088,False
12897,51.70381654906991,1.902175916980943,51579781.229999885,86.09657118450194,False
12921,51.80003207184093,1.9057156721183812,51607909.229999885,86.14352222416376,False
12946,51.900256574727386,1.909402917053213,51637209.229999885,86.19242955714482,False
12971,52.000481077613856,1.9130901619880445,51666509.229999885,86.24133689012588,False
12996,52.10070558050032,1.916777406922876,51695809.229999885,86.29024422310695,False
13021,52.20093008338679,1.9204646518577075,51725109.229999885,86.33915155608801,False
13046,52.301154586273256,1.9241518967925395,51754409.229999885,86.38805888906907,False
13071,52.40137908915972,1.927839141727371,51783709.229999885,86.43696622205013,False
13096,52.50160359204619,1.9315263866622028,51813009.229999885,86.48587355503119,False
13121,52.60182809493264,1.9352136315970343,51842309.229999885,86.53478088801225,False
13146,52.70205259781912,1.9389008765318658,51871609.229999885,86.58368822099331,False
13171,52.80227710070559,1.9425881214666973,51900909.229999885,86.63259555397438,False
13196,52.90250160359204,1.9462753664015293,51930209.229999885,86.68150288695544,False
13221,53.00272610647851,1.9499626113363608,51959509.229999885,86.7304102199365,False
13246,53.102950609364974,1.9536498562711926,51988809.229999885,86.77931755291756,False
13271,53.203175112251444,1.957337101206024,52018109.229999885,86.82822488589862,False
13296,53.30339961513791,1.9610243461408556,52047409.229999885,86.87713221887968,False
13321,53.403624118024375,1.9647115910756872,52076709.229999885,86.92603955186074,False
13346,53.503848620910844,1.968398836010519,52106009.229999885,86.97494688484181,False
13370,53.60006414368185,1.9719385911479574,52134137.229999885,87.02189792450363,False
13395,53.70028864656832,1.975625836082789,52163437.229999885,87.07080525748468,False
13420,53.80051314945477,1.9793130810176207,52192736.46999989,87.11971132187965,False
13445,53.90073765234125,1.9830003259524522,52221936.799999885,87.16845228646896,False
13470,54.000962155227704,1.9866875708872838,52250947.43999989,87.21687662198,False
13495,54.10118665811417,1.9903748158221153,52279810.80999989,87.26505513554812,False
13520,54.20141116100064,1.9940620607569473,52308505.539999895,87.31295215653488,False
13545,54.301635663887104,1.9977493056917788,52337010.96999991,87.36053319942836,False
13570,54.401860166773574,2.0014365506266105,52365326.1199999,87.40779662842012,False
13595,54.502084669660036,2.005123795561442,52393533.45999986,87.45488010179511,False
13620,54.602309172546505,2.0088110404962736,52421736.45999979,87.50195633087571,False
13645,54.702533675432974,2.0124982854311053,52449939.459999725,87.54903255995632,False
13670,54.802758178319436,2.0161855303659366,52478142.45999966,87.59610878903692,False
13695,54.902982681205906,2.019872775300769,52506345.45999959,87.64318501811752,False
13720,55.00320718409236,2.0235600202356,52534548.459999524,87.69026124719812,False
13745,55.10343168697883,2.027247265170432,52562751.45999946,87.73733747627873,False
13770,55.2036561898653,2.0309345101052636,52590954.45999939,87.78441370535933,False
13795,55.30388069275176,2.034621755040095,52619157.45999932,87.83148993443992,False
13819,55.40009621552278,2.038161510177533,52646232.33999926,87.8766831143573,False
13844,55.500320718409235,2.0418487551123654,52674435.33999919,87.92375934343791,False
13869,55.600545221295704,2.0455360000471967,52702638.339999124,87.9708355725185,False
13894,55.700769724182166,2.0492232449820285,52730841.33999906,88.0179118015991,False
13919,55.800994227068635,2.05291048991686,52759044.33999899,88.0649880306797,False
13944,55.901218729955104,2.0565977348516915,52787247.33999892,88.1120642597603,False
13969,56.00144323284157,2.0602849797865233,52815450.339998856,88.1591404888409,False
13994,56.101667735728036,2.0639722247213546,52843653.33999879,88.2062167179215,False
14019,56.20189223861449,2.0676594696561867,52871856.33999872,88.25329294700211,False
14044,56.30211674150096,2.071346714591018,52900059.339998655,88.30036917608271,False
14069,56.40234124438743,2.07503395952585,52928262.33999859,88.3474454051633,False
14094,56.50256574727389,2.0787212044606815,52956465.33999852,88.3945216342439,False
14119,56.60279025016036,2.082408449395513,52984668.339998454,88.4415978633245,False
14144,56.70301475304682,2.0860956943303446,53012871.33999839,88.4886740924051,False
14169,56.80323925593329,2.0897829392651763,53041074.33999832,88.53575032148571,False
14194,56.90346375881976,2.093470184200008,53069277.33999825,88.58282655056631,False
14219,57.00368826170622,2.09715742913484,53097480.339998186,88.62990277964691,False
14244,57.10391276459269,2.100844674069671,53125683.33999812,88.67697900872751,False
14268,57.2001282873637,2.1043844292071094,53152758.219998054,88.72217218864489,False
14293,57.300352790250166,2.108071674141941,53180961.21999799,88.76924841772549,False
14318,57.40057729313662,2.111758919076773,53209164.21999792,88.8163246468061,False
14343,57.50080179602309,2.1154461640116047,53237367.21999785,88.86340087588668,False
14368,57.60102629890955,2.1191334089464364,53265570.219997786,88.91047710496728,False
14393,57.70125080179602,2.1228206538812677,53293773.21999772,88.95755333404789,False
14418,57.80147530468249,2.1265078988160995,53321976.21999765,89.00462956312849,False
14443,57.90169980756895,2.1301951437509308,53350179.219997585,89.05170579220909,False
14468,58.00192431045542,2.1338823886857625,53378382.21999752,89.0987820212897,False
14493,58.102148813341884,2.1375696336205943,53406585.21999745,89.1458582503703,False
14518,58.20237331622835,2.141256878555426,53434788.21999738,89.1929344794509,False
14543,58.30259781911482,2.1449441234902578,53462991.21999732,89.24001070853149,False
14568,58.40282232200128,2.148631368425089,53491194.21999725,89.28708693761209,False
14593,58.50304682488775,2.152318613359921,53519397.21999718,89.33416316669269,False
14618,58.60327132777421,2.1560058582947526,53547600.219997115,89.38123939577329,False
14643,58.70349583066068,2.159693103229584,53575803.21999705,89.4283156248539,False
14668,58.80372033354715,2.163380348164416,53604006.21999698,89.4753918539345,False
14693,58.90394483643361,2.1670675930992473,53632209.219996914,89.5224680830151,False
14717,59.00016035920462,2.1706073482366857,53659284.09999685,89.56766126293248,False
14742,59.10038486209108,2.1742945931715174,53687487.09999678,89.61473749201308,False
14767,59.20060936497755,2.1779818381063487,53715690.099996716,89.66181372109368,False
14792,59.300833867864014,2.1816690830411805,53743893.09999665,89.70888995017428,False
14817,59.401058370750484,2.185356327976012,53772096.09999658,89.75596617925487,False
14842,59.50128287363695,2.189043572910844,53800299.099996515,89.80304240833547,False
14867,59.60150737652341,2.1927308178456757,53828502.09999645,89.85011863741607,False
14892,59.70173187940988,2.196418062780507,53856705.09999638,89.89719486649668,False
14917,59.80195638229634,2.2001053077153387,53884908.09999631,89.94427109557728,False
14942,59.90218088518281,2.2037925526501705,53913111.09999625,89.99134732465788,False
14967,60.00240538806928,2.207479797585002,53941314.09999618,90.03842355373848,False
14992,60.10262989095574,2.211167042519834,53969517.09999611,90.08549978281908,False
15017,60.20285439384221,2.2148542874546653,53997720.099996045,90.13257601189967,False
15042,60.30307889672867,2.218541532389497,54025923.09999598,90.17965224098027,False
15067,60.40330339961514,2.2222287773243288,54054126.09999591,90.22672847006088,False
15092,60.50352790250161,2.22591602225916,54082329.099995844,90.27380469914148,False
15117,60.603752405388065,2.229603267193992,54110532.09999578,90.32088092822208,False
15142,60.70397690827454,2.2332905121288236,54138735.09999571,90.36795715730268,False
15166,60.80019243104554,2.236830267266262,54165809.979995646,90.41315033722006,False
15191,60.900416933932014,2.2405175122010936,54194012.97999558,90.46022656630066,False
15216,61.00064143681847,2.244204757135925,54222215.97999551,90.50730279538126,False
15241,61.10086593970494,2.2478920020707567,54250418.979995444,90.55437902446187,False
15266,61.2010904425914,2.2515792470055884,54278621.97999538,90.60145525354247,False
15291,61.30131494547787,2.2552664919404197,54306824.97999531,90.64853148262306,False
15316,61.40153944836434,2.258953736875252,54335027.97999524,90.69560771170366,False
15341,61.5017639512508,2.262640981810083,54363230.979995176,90.74268394078426,False
15366,61.60198845413727,2.266328226744915,54391433.97999511,90.78976016986486,False
15391,61.702212957023725,2.2700154716797467,54419636.97999504,90.83683639894547,False
15416,61.802437459910195,2.273702716614578,54447839.979994975,90.88391262802607,False
15441,61.90266196279667,2.2773899615494098,54476042.97999491,90.93098885710667,False
15466,62.002886465683126,2.2810772064842415,54504245.97999484,90.97806508618727,False
15491,62.103110968569595,2.2847644514190733,54532448.979994774,91.02514131526786,False
15516,62.203335471456064,2.2884516963539046,54560651.97999471,91.07221754434846,False
15541,62.30355997434253,2.2921389412887363,54588854.97999464,91.11929377342906,False
15566,62.403784477228996,2.295826186223568,54617057.97999457,91.16637000250967,False
15591,62.50400898011546,2.2995134311583993,54645260.979994506,91.21344623159027,False
15615,62.60022450288647,2.3030531862958377,54672335.85999444,91.25863941150764,False
15640,62.70044900577293,2.30674043123067,54700538.859994374,91.30571564058825,False
15665,62.8006735086594,2.310427676165501,54728741.85999431,91.35279186966885,False
15690,62.900898011545856,2.314114921100333,54756944.85999424,91.39986809874945,False
15715,63.001122514432325,2.3178021660351646,54785147.85999417,91.44694432783005,False
15740,63.1013470173188,2.321489410969996,54813350.859994106,91.49402055691066,False
15765,63.201571520205256,2.3251766559048277,54841553.85999404,91.54109678599124,False
15790,63.301796023091725,2.3288639008396594,54869756.85999397,91.58817301507185,False
15815,63.40202052597819,2.332551145774491,54897959.859993905,91.63524924415245,False
15840,63.50224502886466,2.336238390709323,54926162.85999384,91.68232547323305,False
15865,63.602469531751126,2.3399256356441542,54954365.85999377,91.72940170231365,False
15890,63.70269403463759,2.343612880578986,54982568.8599937,91.77647793139425,False
15915,63.80291853752406,2.3473001255138173,55010771.85999364,91.82355416047486,False
15940,63.90314304041051,2.350987370448649,55038974.85999357,91.87063038955546,False
15965,64.00336754329699,2.3546746153834808,55067177.8599935,91.91770661863605,False
15990,64.10359204618345,2.3583618603183125,55095380.859993435,91.96478284771665,False
16015,64.20381654906991,2.3620491052531443,55123583.85999337,92.01185907679725,False
16039,64.30003207184093,2.3655888603905826,55150658.739993304,92.05705225671463,False
16064,64.4002565747274,2.369276105325414,55178861.73999324,92.10412848579523,False
16089,64.50048107761386,2.3729633502602456,55207064.73999317,92.15120471487583,False
16114,64.60070558050032,2.3766505951950774,55235267.7399931,92.19828094395643,False
16139,64.7009300833868,2.380337840129909,55263470.739993036,92.24535717303704,False
16164,64.80115458627326,2.384025085064741,55291673.73999297,92.29243340211764,False
16189,64.90137908915972,2.387712329999572,55319876.7399929,92.33950963119824,False
16214,65.00160359204618,2.391399574934404,55348079.739992835,92.38658586027884,False
16239,65.10182809493264,2.3950868198692357,55376282.73999277,92.43366208935943,False
16264,65.20205259781912,2.398774064804067,55404485.7399927,92.48073831844003,False
16289,65.30227710070558,2.402461309738899,55432688.73999263,92.52781454752063,False
16314,65.40250160359204,2.4061485546737305,55460891.73999257,92.57489077660124,False
16339,65.50272610647852,2.409835799608562,55489094.7399925,92.62196700568184,False
16364,65.60295060936497,2.4135230445433935,55517295.339992486,92.66903922870112,False
16389,65.70317511225144,2.4172102894782252,55545495.339992486,92.71611045020508,False
16414,65.80339961513792,2.420897534413057,55573695.339992486,92.76318167170903,False
16439,65.90362411802437,2.4245847793478887,55601895.339992486,92.81025289321299,False
16464,66.00384862091084,2.4282720242827205,55630095.339992486,92.85732411471696,False
16488,66.10006414368185,2.431811779420159,55657167.339992486,92.90251248736074,False
16513,66.20028864656831,2.43549902435499,55685367.339992486,92.94958370886471,False
16538,66.30051314945477,2.439186269289822,55713567.339992486,92.99665493036866,False
16563,66.40073765234125,2.4428735142246536,55741767.339992486,93.04372615187262,False
16588,66.50096215522771,2.446560759159485,55769967.339992486,93.09079737337657,False
16613,66.60118665811417,2.450248004094317,55798167.339992486,93.13786859488053,False
16638,66.70141116100065,2.4539352490291484,55826367.339992486,93.1849398163845,False
16663,66.80163566388711,2.45762249396398,55854567.339992486,93.23201103788844,False
16688,66.90186016677357,2.4613097388988114,55882767.339992486,93.2790822593924,False
16713,67.00208466966004,2.464996983833643,55910967.339992486,93.32615348089635,False
16738,67.1023091725465,2.468684228768475,55939167.339992486,93.37322470240032,False
16763,67.20253367543297,2.4723714737033067,55967367.339992486,93.42029592390428,False
16788,67.30275817831944,2.4760587186381384,55995567.339992486,93.46736714540823,False
16813,67.4029826812059,2.4797459635729697,56023767.339992486,93.51443836691219,False
16838,67.50320718409236,2.4834332085078015,56051967.339992486,93.56150958841614,False
16863,67.60343168697884,2.487120453442633,56080167.339992486,93.6085808099201,False
16888,67.7036561898653,2.4908076983774645,56108367.339992486,93.65565203142405,False
16913,67.80388069275176,2.4944949433122963,56136567.339992486,93.70272325292801,False
16937,67.90009621552278,2.498034698449735,56163639.339992486,93.74791162557182,False
16962,68.00032071840924,2.5017219433845663,56191839.339992486,93.79498284707577,False
16987,68.1005452212957,2.505409188319398,56220039.339992486,93.84205406857973,False
17012,68.20076972418217,2.50909643325423,56248239.339992486,93.88912529008368,False
17037,68.30099422706863,2.512783678189061,56276439.339992486,93.93619651158764,False
17062,68.4012187299551,2.516470923123893,56304639.339992486,93.9832677330916,False
17087,68.50144323284157,2.5201581680587246,56332839.339992486,94.03033895459555,False
17112,68.60166773572803,2.5238454129935564,56361009.819992475,94.07736090154421,False
17137,68.70189223861449,2.5275326579283877,56388988.57999247,94.12406283095436,False
17162,68.80211674150097,2.5312199028632194,56416795.79999245,94.17047842712557,False
17187,68.90234124438743,2.534907147798051,56444401.71999245,94.2165580148965,False
17212,69.00256574727389,2.5385943927328825,56471837.14999246,94.26235302208043,False
17237,69.10279025016037,2.542281637667714,56499104.85999247,94.30786807233986,False
17262,69.20301475304682,2.545968882602546,56526197.539992474,94.35309096387945,False
17287,69.30323925593329,2.5496561275373777,56553089.57999249,94.39797894868562,False
17312,69.40346375881975,2.5533433724722094,56579869.21999249,94.44267931628264,False
17337,69.50368826170622,2.5570306174070407,56606447.91999247,94.48704427638854,False
17362,69.60391276459269,2.5607178623418725,56632828.04999249,94.53107778498904,False
17386,69.7001282873637,2.564257617479311,56658001.13999248,94.57309651177374,False
17411,69.80035279025016,2.5679448624141425,56684046.629992485,94.61657144187903,False
17436,69.90057729313662,2.5716321073489743,56709913.03999248,94.65974745303585,False
17461,70.0008017960231,2.575319352283806,56735646.14999249,94.7027009608655,False
17486,70.10102629890955,2.5790065972186373,56761211.14999249,94.74537386078565,False
17511,70.20125080179602,2.582693842153469,56786585.99999249,94.78772936379912,False
17536,70.3014753046825,2.5863810870883004,56811790.00999249,94.82979970200827,False
17561,70.40169980756895,2.590068332023132,56836832.42999248,94.87160031544141,False
17586,70.50192431045542,2.593755576957964,56861832.42999248,94.91333012173925,False
17611,70.60214881334188,2.5974428218927956,56886779.28999249,94.95497122716084,False
17636,70.70237331622835,2.6011300668276274,56911514.14999249,94.99625846382499,False
17661,70.80259781911482,2.6048173117624587,56936123.769992486,95.03733665085153,False
17686,70.90282232200128,2.6085045566972904,56960578.58999249,95.07815644691748,False
17711,71.00304682488775,2.612191801632122,56984841.60999251,95.11865609190951,False
17736,71.10327132777421,2.615879046566954,57008950.89999251,95.15889913197665,False
17761,71.20349583066069,2.6195662915017857,57032919.2799925,95.19890696616355,False
17786,71.30372033354715,2.623253536436617,57056748.349992506,95.23868226517786,False
17811,71.40394483643361,2.6269407813714487,57080414.73999251,95.27818601999661,False
17835,71.50016035920463,2.630480536508887,57102980.9799925,95.31585341295943,False
17860,71.60038486209108,2.6341677814437183,57126345.24999251,95.35485287141505,False
17885,71.70060936497755,2.63785502637855,57149533.559992515,95.39355861880202,False
17910,71.80083386786401,2.641542271313382,57172545.85999251,95.43197057166073,False
17935,71.90105837075048,2.6452295162482136,57195377.66999252,95.47008125200989,False
17960,72.00128287363695,2.6489167611830453,57218068.30999252,95.50795629248886,False
17985,72.10150737652341,2.6526040061178766,57240641.28999252,95.54563493580744,False
18010,72.20173187940988,2.6562912510527084,57263083.45999251,95.58309523208756,False
18035,72.30195638229634,2.65997849598754,57285307.52999252,95.62019147753756,False
18060,72.40218088518282,2.663665740922372,57307337.829992525,95.65696428360488,False
18085,72.50240538806928,2.6673529858572036,57329222.89999254,95.6934946728815,False
18110,72.60262989095574,2.671040230792035,57350977.14999255,95.7298066984277,False
18135,72.70285439384222,2.6747274757268666,57372615.329992555,95.76592498082921,False
18160,72.80307889672866,2.6784147206616984,57394138.03999254,95.80185052160137,False
18185,72.90330339961514,2.6821019655965297,57415507.479992546,95.8375202252771,False
18210,73.0035279025016,2.6857892105313614,57436744.01999255,95.87296809330256,False
18235,73.10375240538806,2.689476455466193,57457831.99999257,95.9081679861271,False
18260,73.20397690827454,2.693163700401025,57478771.9599926,95.94312080511452,False
18284,73.30019243104555,2.6967034555384632,57498751.52999261,95.9764705485551,False
18309,73.40041693393201,2.7003907004732945,57519448.609992616,96.01101795412833,False
18334,73.50064143681847,2.7040779454081263,57540034.85999261,96.04538036312428,False
18359,73.60086593970495,2.707765190342958,57560503.5999926,96.0795466253387,False
18384,73.7010904425914,2.71145243527779,57580839.89999259,96.11349181973127,False
18409,73.80131494547787,2.7151396802126215,57601071.139992595,96.14726164878587,False
18434,73.90153944836435,2.718826925147453,57621171.4199926,96.18081288042318,False
18459,74.0017639512508,2.7225141700822846,57641171.6099926,96.21419704260796,False
18484,74.10198845413727,2.7262014150171163,57661034.3199926,96.24735172424197,False
18509,74.20221295702373,2.7298886599519476,57680762.9699926,96.28028263396267,False
18534,74.3024374599102,2.7335759048867794,57700389.56999261,96.3130432026141,False
18559,74.40266196279667,2.737263149821611,57719916.249992624,96.34563698557571,False
18584,74.50288646568313,2.740950394756443,57739339.73999262,96.37805852458882,False
18609,74.6031109685696,2.744637639691274,57758644.20999262,96.4102813963401,False
18634,74.70333547145607,2.748324884626106,57777806.27999262,96.44226657511473,False
18659,74.80355997434252,2.7520121295609377,57796857.079992615,96.47406602286748,False
18684,74.903784477229,2.755699374495769,57815771.51999261,96.50563785956476,False
18709,75.00400898011546,2.759386619430601,57834550.75999262,96.53698402146958,False
18733,75.10022450288648,2.7629263745680395,57852480.78999262,96.56691268862217,False
18758,75.20044900577292,2.7666136195028708,57871086.22999262,96.5979687449136,False
18783,75.3006735086594,2.7703008644377025,57889587.32999263,96.62885063768549,False
18808,75.40089801154586,2.7739881093725343,57907993.02999265,96.65957328951656,False
18833,75.50112251443232,2.7776753543073656,57926287.66999263,96.69011056085608,False
18858,75.6013470173188,2.7813625992421973,57944472.079992615,96.72046383713366,False
18883,75.70157152020526,2.785049844177029,57962557.7199926,96.75065224729254,False
18908,75.80179602309173,2.788737089111861,57980493.1499926,96.78058992808327,False
18933,75.90202052597819,2.7924243340466925,57998278.39999259,96.81027692958159,False
18958,76.00224502886465,2.796111578981524,58015919.96999262,96.83972410153724,False
18983,76.10246953175113,2.7997988239163556,58033449.31999263,96.86898395673833,False
19008,76.20269403463759,2.803486068851187,58050881.38999263,96.89808143291714,False
19033,76.30291853752405,2.807173313786019,58068163.13999263,96.92692799611665,False
19058,76.40314304041051,2.8108605587208504,58085304.819992624,96.95554075555741,False
19083,76.50336754329699,2.814547803655682,58102284.89999263,96.9838837735303,False
19108,76.60359204618345,2.818235048590514,58119132.07999265,97.01200495585292,False
19133,76.70381654906991,2.821922293525345,58135881.53999267,97.03996302470867,False
19157,76.80003207184093,2.8254620486627835,58151837.83999268,97.0665971570379,False
19182,76.9002565747274,2.8291492935976152,58168355.61999269,97.09416850743273,False
19207,77.00048107761386,2.832836538532447,58184855.61999269,97.1217101795893,False
19232,77.10070558050032,2.8365237834672787,58201275.8899927,97.14911876704764,False
19257,77.2009300833868,2.8402110284021105,58217564.399992704,97.17630742173485,False
19282,77.30115458627326,2.843898273336942,58233759.009992704,97.20333933926962,False
19307,77.40137908915972,2.8475855182717735,58249849.2599927,97.23019705990096,False
19332,77.50160359204618,2.851272763206605,58265815.90999269,97.25684846836995,False
19357,77.60182809493264,2.854960008141437,58281666.84999269,97.2833067346035,False
19382,77.70205259781912,2.8586472530762688,58297405.5399927,97.30957763400677,False
19407,77.80227710070558,2.8623344980111,58313029.34999271,97.33565677660417,False
19432,77.90250160359204,2.866021742945932,58328485.929992706,97.36145678018123,False
19457,78.00272610647852,2.869708987880763,58343823.29999272,97.38705779934999,False
19482,78.10295060936497,2.873396232815595,58359059.07999271,97.41248924527784,False
19507,78.20317511225144,2.8770834777504266,58374158.85999272,97.43769368105944,False
19532,78.30339961513792,2.8807707226852584,58389208.85999272,97.46281502445073,False
19557,78.40362411802437,2.88445796762009,58404258.85999272,97.48793636784202,False
19582,78.50384862091084,2.8881452125549214,58419308.85999272,97.51305771123333,False
19606,78.60006414368185,2.8916849676923597,58433756.85999272,97.53717420088897,False
19631,78.70028864656831,2.8953722126271915,58448806.85999272,97.56229554428027,False
19656,78.80051314945477,2.899059457562023,58463856.85999272,97.58741688767157,False
19681,78.90073765234125,2.902746702496855,58478906.85999272,97.61253823106286,False
19706,79.00096215522771,2.9064339474316867,58493956.85999272,97.63765957445416,False
19731,79.10118665811417,2.910121192366518,58509006.85999272,97.66278091784545,False
19756,79.20141116100065,2.9138084373013498,58524056.85999272,97.68790226123674,False
19781,79.30163566388711,2.917495682236181,58539106.85999272,97.71302360462805,False
19806,79.40186016677357,2.921182927171013,58554156.85999272,97.73814494801934,False
19831,79.50208466966004,2.9248701721058445,58569206.85999272,97.76326629141063,False
19856,79.6023091725465,2.9285574170406763,58584256.85999272,97.78838763480194,False
19881,79.70253367543297,2.932244661975508,58599306.06999272,97.81350765953135,False
19906,79.80275817831944,2.9359319069103393,58614292.37999273,97.83852269206814,False
19931,79.9029826812059,2.939619151845171,58629151.21999275,97.86332495266859,False
19956,80.00320718409236,2.943306396780003,58643888.44999273,97.88792422279923,False
19981,80.10343168697884,2.946993641714834,58658541.219992734,97.9123825129523,False
20006,80.2036561898653,2.9506808866496663,58673191.219992734,97.93683617944284,False
20031,80.30388069275176,2.9543681315844976,58687841.219992734,97.96128984593336,False
20055,80.40009621552278,2.957907886721936,58701903.59999274,97.98476266167283,False
20080,80.50032071840924,2.9615951316567677,58716481.28999272,98.00909562887159,False
20105,80.6005452212957,2.965282376591599,58730927.05999273,98.03320839622853,False
20130,80.70076972418217,2.9689696215264307,58745255.09999275,98.05712464958167,False
20155,80.80099422706863,2.9726568664612625,58759476.889992766,98.08086355125803,False
20180,80.9012187299551,2.9763441113960942,58773593.7699928,98.10442733797528,False
20205,81.00144323284157,2.980031356330926,58787695.26999286,98.12796545251574,False
20230,81.10166773572803,2.9837186012657573,58801796.76999292,98.1515035670562,False
20255,81.20189223861449,2.987405846200589,58815898.209992975,98.17504158144511,False
20280,81.30211674150097,2.9910930911354208,58829998.209992975,98.19857719219709,False
20305,81.40234124438743,2.994780336070252,58844059.719992965,98.22204855573928,False
20330,81.50256574727389,2.9984675810050843,58857998.09999298,98.24531439163952,False
20355,81.60279025016037,3.0021548259399156,58871901.599993,98.26852200611404,False
20380,81.70301475304682,3.0058420708747473,58885805.09999301,98.29172962058853,False
20405,81.80323925593329,3.009529315809579,58899708.59999303,98.31493723506304,False
20430,81.90346375881975,3.0132165607444104,58913566.97999302,98.33806953558309,False
20455,82.00368826170622,3.016903805679242,58927294.899993025,98.36098407328198,False
20480,82.10391276459269,3.020591050614074,58940906.86999302,98.38370506813926,False
20504,82.2001282873637,3.024130805751512,58953869.20999302,98.40534170563392,False
20529,82.30035279025016,3.027818050686344,58967243.43999303,98.42766586672525,False
20554,82.40057729313662,3.031505295621175,58980512.41999303,98.44981434533204,False
20579,82.5008017960231,3.035192540556007,58993676.98999301,98.47178854357578,False
20604,82.60102629890955,3.0388797854908387,59006733.83999303,98.4935829364302,False
20629,82.70125080179602,3.04256703042567,59019680.199993044,98.5151929002327,False
20654,82.8014753046825,3.046254275360502,59032514.22999305,98.53661536366954,False
20679,82.90169980756895,3.0499415202953335,59045222.66999304,98.55782819325144,False
20704,83.00192431045542,3.0536287652301652,59057842.06999303,98.57889239795522,False
20729,83.10214881334188,3.057316010164997,59070364.849993035,98.59979532530365,False
20754,83.20237331622835,3.0610032550998283,59082857.93999303,98.6206486943341,False
20779,83.30259781911482,3.06469050003466,59095219.91999304,98.64128321556841,False
20804,83.40282232200128,3.068377744969492,59107456.17999304,98.66170788595281,False
20829,83.50304682488775,3.0720649899043235,59119535.72999304,98.6818709772194,False
20854,83.60327132777421,3.0757522348391553,59131502.63999305,98.70184605067077,False
20879,83.70349583066069,3.0794394797739866,59143344.02999305,98.72161160711065,False
20904,83.80372033354715,3.0831267247088183,59155068.119993046,98.74118136729938,False
20929,83.90394483643361,3.0868139696436496,59166663.44999305,98.76053620229376,False
20953,84.00016035920463,3.090353724781088,59177681.40999305,98.77892729575765,False
20978,84.10038486209108,3.09404096971592,59189052.52999306,98.79790788115724,False
21003,84.20060936497755,3.0977282146507514,59200303.38999304,98.81668772949658,False
21028,84.30083386786401,3.101415459585583,59211434.44999307,98.8352676086042,False
21053,84.40105837075048,3.105102704520415,59222487.74999304,98.85371769132225,False
21078,84.50128287363695,3.1087899494552462,59233437.84999304,98.87199551339991,False
21103,84.60150737652341,3.112477194390078,59244273.97999303,98.89008309763663,False
21128,84.70173187940988,3.1161644393249097,59255011.53999303,98.90800614959309,False
21153,84.80195638229634,3.1198516842597415,59265643.12999302,98.92575231724659,False
21178,84.90218088518282,3.123538929194573,59276174.69999303,98.94333153229108,False
21203,85.00240538806928,3.127226174129404,59286620.69999302,98.96076791455455,False
21228,85.10262989095574,3.1309134190642367,59296934.619993016,98.9779838299054,False
21253,85.20285439384222,3.134600663999068,59307150.25999303,98.99503569704176,False
21278,85.30307889672866,3.1382879089338998,59317267.06999303,99.01192259790783,False
21303,85.40330339961514,3.1419751538687315,59327256.739993036,99.02859727767101,False
21328,85.5035279025016,3.145662398803563,59337115.12999303,99.04505282587535,False
21353,85.60375240538806,3.1493496437383945,59346857.909993015,99.06131539876341,False
21378,85.70397690827454,3.153036888673226,59356484.43999302,99.07738392805223,False
21402,85.80019243104555,3.156576643810664,59365610.85999302,99.09261767760394,False
21427,85.90041693393201,3.160263888745496,59375006.59999302,99.10830097401295,False
21452,86.00064143681847,3.1639511336803277,59384295.229993016,99.12380548323982,False
21477,86.10086593970495,3.167638378615159,59393476.46999302,99.13913073791079,False
21502,86.2010904425914,3.1713256235499907,59402575.30999302,99.15431845114018,False
21527,86.30131494547787,3.1750128684848224,59411580.99999302,99.16935067911132,False
21552,86.40153944836435,3.1787001134196546,59420501.10999303,99.18424005760956,False
21577,86.5017639512508,3.182387358354486,59429322.30999305,99.19896433630217,False
21602,86.60198845413727,3.1860746032893177,59438035.539993055,99.21350839230732,False
21627,86.70221295702373,3.1897618482241494,59446650.22999305,99.22788796610794,False
21652,86.8024374599102,3.1934490931589807,59455150.399993055,99.2420763840119,False
21677,86.90266196279667,3.1971363380938125,59463560.86999307,99.25611507537087,False
21702,87.00288646568313,3.200823583028644,59471867.76999307,99.26998088848828,False
21727,87.1031109685696,3.2045108279634755,59480063.71999307,99.28366150472534,False
21752,87.20333547145607,3.2081980728983073,59488144.04999308,99.29714912895427,False
21777,87.30355997434252,3.2118853178331386,59496121.82999311,99.31046557751779,False
21802,87.403784477229,3.2155725627679703,59504016.67999309,99.32364359996778,False
21827,87.50400898011546,3.219259807702802,59511801.319993086,99.3366376607397,False
21851,87.60022450288648,3.2227995628402404,59519171.969993085,99.34894069261127,False
21876,87.70044900577292,3.2264868077750726,59526751.159993075,99.36159181783502,False
21901,87.8006735086594,3.230174052709904,59534222.02999309,99.37406213615411,False
21926,87.90089801154586,3.2338612976447356,59541580.24999307,99.38634441996595,False
21951,88.00112251443232,3.2375485425795674,59548840.81999307,99.39846370715443,False
21976,88.1013470173188,3.2412357875143987,59556000.22999309,99.41041413885473,False
22001,88.20157152020526,3.2449230324492304,59563075.279993095,99.42222375749662,False
22026,88.30179602309173,3.2486102773840617,59570049.989993095,99.43386588938799,False
22051,88.40202052597819,3.2522975223188935,59576916.459993124,99.44532734791002,False
22076,88.50224502886465,3.255984767253725,59583687.2299931,99.45662906473348,False
22101,88.60246953175113,3.2596720121885565,59590358.3399931,99.46776442985713,False
22126,88.70269403463759,3.2633592571233883,59596932.22999309,99.47873751611004,False
22151,88.80291853752405,3.26704650205822,59603410.23999309,99.48955056020986,False
22176,88.90314304041051,3.2707337469930513,59609798.91999309,99.50021449536581,False
22201,89.00336754329699,3.2744209919278835,59616090.039993085,99.51071558412566,False
22226,89.10359204618345,3.2781082368627152,59622248.66999309,99.52099552160408,False
22251,89.20381654906991,3.281795481797547,59628277.13999308,99.53105819701895,False
22275,89.30003207184093,3.2853352369349853,59633983.50999306,99.54058322560947,False
22300,89.4002565747274,3.2890224818698166,59639861.32999308,99.55039443721164,False
22325,89.50048107761386,3.2927097268046484,59645648.78999307,99.56005482060189,False
22350,89.60070558050032,3.29639697173948,59651355.65999308,99.56958068378859,False
22375,89.7009300833868,3.3000842166743114,59656960.1599931,99.57893567176446,False
22400,89.80115458627326,3.303771461609143,59662472.8499931,99.58813741119967,False
22425,89.90137908915972,3.3074587065439744,59667894.81999311,99.59718772151378,False
22450,90.00160359204618,3.311145951478806,59673226.07999311,99.60608661939871,False
22475,90.10182809493264,3.314833196413638,59678451.5399931,99.61480891674339,False
22500,90.20205259781912,3.3185204413484692,59683585.40999311,99.62337833276975,False
22525,90.30227710070558,3.322207686283302,59688626.70999311,99.6317932316693,False
22550,90.40250160359204,3.325894931218133,59693626.34999311,99.64013859201965,False
22575,90.50272610647852,3.329582176152965,59698561.199993126,99.64837580540404,False
22600,90.60295060936497,3.3332694210877962,59703369.99999313,99.65640261710506,False
22625,90.70317511225144,3.336956666022628,59708058.44999315,99.66422854151857,False
22650,90.80339961513792,3.3406439109574597,59712653.259993136,99.67189816276955,False
22675,90.90362411802437,3.344331155892291,59717161.55999313,99.67942338219885,False
22700,91.00384862091084,3.3480184008271228,59721570.359993115,99.68678251699906,False
22724,91.10006414368185,3.351558155964561,59725699.389993116,99.69367466188298,False
22749,91.20028864656831,3.355245400899393,59729890.829993114,99.70067098105532,False
22774,91.30051314945477,3.358932645834224,59733952.36999312,99.70745047215418,False
22799,91.40073765234125,3.362619890769056,59737914.92999311,99.71406474660391,False
22824,91.50096215522771,3.366307135703887,59741781.229993105,99.72051834460747,False
22849,91.60118665811417,3.36999438063872,59745593.55999316,99.72688185630531,False
22874,91.70141116100065,3.373681625573551,59749371.70999316,99.73318831501187,False
22899,91.80163566388711,3.377368870508383,59753093.55999316,99.73940079819465,False
22924,91.90186016677357,3.381056115443214,59756723.04999316,99.74545911478104,False
22949,92.00208466966004,3.384743360378046,59760251.399993144,99.75134860926306,False
22974,92.1023091725465,3.3884306053128777,59763664.59999315,99.7570458962573,False
22999,92.20253367543297,3.392117850247709,59766990.789993145,99.76259794683368,False
23024,92.30275817831944,3.3958050951825407,59770208.15999315,99.76796835590923,False
23049,92.4029826812059,3.3994923401173724,59773323.97999316,99.7731692585116,False
23074,92.50320718409236,3.4031795850522037,59776351.169993155,99.77822222060466,False
23099,92.60343168697884,3.4068668299870355,59779305.86999315,99.78315418295138,False
23124,92.7036561898653,3.410554074921867,59782187.839993134,99.7879647449456,False
23149,92.80388069275176,3.4142413198566985,59784970.179993145,99.79260900531581,False
23173,92.90009621552278,3.4177810749941377,59787562.91999314,99.79693678683502,False
23198,93.00032071840924,3.421468319928969,59790200.89999313,99.80134008261172,False
23223,93.1005452212957,3.425155564863801,59792762.06999311,99.8056151677315,False
23248,93.20076972418217,3.428842809798632,59795263.0299931,99.80978975078585,False
23273,93.30099422706863,3.432530054733464,59797716.31999309,99.81388476344553,False
23298,93.4012187299551,3.4362172996682956,59800126.57999309,99.81790795076262,False
23323,93.50144323284157,3.439904544603127,59802484.899993084,99.82184444023414,False
23348,93.60166773572803,3.4435917895379586,59804799.79999309,99.8257084533781,False
23373,93.70189223861449,3.4472790344727904,59807081.30999308,99.82951673219274,False
23398,93.80211674150097,3.4509662794076217,59809333.6999931,99.83327640412907,False
23423,93.90234124438743,3.4546535243424534,59811558.84999309,99.83699060726839,False
23448,94.00256574727389,3.458340769277285,59813753.56999309,99.84065401688753,False
23473,94.10279025016037,3.4620280142121165,59815917.839993104,99.84426659960259,False
23498,94.20301475304682,3.4657152591469487,59818055.779993095,99.84783523248562,False
23523,94.30323925593329,3.4694025040817804,59820172.5099931,99.85136846180103,False
23548,94.40346375881975,3.473089749016612,59822259.94999309,99.85485280047534,False
23573,94.50368826170622,3.4767769939514435,59824320.0799931,99.85829155350929,False
23598,94.60391276459269,3.480464238886275,59826368.01999305,99.86170995908961,False
23622,94.7001282873637,3.4840039940237135,59828320.129993044,99.86496840597647,False
23647,94.80035279025016,3.487691238958545,59830344.039993055,99.86834670086706,False
23672,94.90057729313662,3.4913784838933766,59832358.26999305,99.87170883797663,False
23697,95.0008017960231,3.4950657288282083,59834364.27999305,99.87505725432588,False
23722,95.10102629890955,3.4987529737630396,59836364.119993046,99.87839537175894,False
23747,95.20125080179602,3.5024402186978714,59838346.46999305,99.88170429501952,False
23772,95.3014753046825,3.506127463632703,59840309.06999305,99.88498025173314,False
23797,95.40169980756895,3.5098147085675344,59842264.31999301,99.88824393988362,False
23822,95.50192431045542,3.5135019535023666,59844216.67999299,99.89150280406854,False
23847,95.60214881334188,3.5171891984371983,59846156.83999298,99.894741304108,False
23872,95.70237331622835,3.52087644337203,59848084.00999296,99.89795812134007,False
23897,95.80259781911482,3.5245636883068614,59849999.509992994,99.90115545909867,False
23922,95.90282232200128,3.528250933241693,59851911.05999299,99.90434620354782,False
23947,96.00304682488775,3.5319381781765244,59853812.63999296,99.90752030615016,False
23972,96.10327132777421,3.535625423111356,59855712.82999292,99.91069208857525,False
23997,96.20349583066069,3.539312668046188,59857612.78999293,99.9138634870862,False
24022,96.30372033354715,3.5429999129810192,59859511.799992934,99.91703329986453,False
24047,96.40394483643361,3.546687157915851,59861400.559992924,99.92018600342224,False
24071,96.50016035920463,3.5502269130532893,59863208.33999295,99.92320353579144,False
24096,96.60038486209108,3.553914157988121,59865083.94999295,99.92633428947106,False
24121,96.70060936497755,3.5576014029229523,59866949.46999295,99.92944820100085,False
24146,96.80083386786401,3.5612886478577845,59868803.659992956,99.93254320058243,False
24171,96.90105837075048,3.5649758927926163,59870640.34999295,99.93560898929958,False
24196,97.00128287363695,3.568663137727448,59872461.54999294,99.93864892222875,False
24221,97.10150737652341,3.5723503826622793,59874270.169992924,99.94166785671939,False
24246,97.20173187940988,3.576037627597111,59876064.6099929,99.94466312206386,False
24271,97.30195638229634,3.579724872531943,59877852.429992914,99.9476473373557,False
24296,97.40218088518282,3.583412117466774,59879622.19999295,99.95060142372742,False
24321,97.50240538806928,3.587099362401606,59881376.97999298,99.95353048890729,False
24346,97.60262989095574,3.590786607336437,59883116.55999296,99.95643418236484,False
24371,97.70285439384222,3.594473852271269,59884839.049992956,99.95930934932684,False
24396,97.80307889672866,3.5981610972061007,59886533.08999297,99.96213702776929,False
24421,97.90330339961514,3.601848342140932,59888202.93999296,99.96492432845113,False
24446,98.0035279025016,3.6055355870757637,59889843.959992975,99.96766350632039,False
24471,98.10375240538806,3.609222832010596,59891463.94999298,99.97036758107657,False
24496,98.20397690827454,3.6129100769454277,59893050.519993,99.97301587142773,False
24520,98.30019243104555,3.616449832082866,59894544.29999299,99.97550927742978,False
24545,98.40041693393201,3.6201370770176973,59896055.85999302,99.97803236167012,False
24570,98.50064143681847,3.623824321952529,59897520.59999303,99.9804772943292,False
24595,98.60086593970495,3.6275115668873608,59898933.24999303,99.98283527876389,False
24620,98.7010904425914,3.631198811822192,59900268.969993025,99.9850648522386,False
24645,98.80131494547787,3.634886056757024,59901525.00999303,99.9871614244747,False
24670,98.90153944836435,3.6385733016918556,59902682.169993035,99.98909294698093,False
24695,99.0017639512508,3.642260546626687,59903720.42999301,99.99082600252837,False
24720,99.10198845413727,3.6459477915615186,59904668.55999301,99.99240861377817,False
24745,99.20221295702373,3.64963503649635,59905553.079993,99.99388504770882,False
24770,99.3024374599102,3.6533222814311825,59906352.759992994,99.99521986736882,False
24795,99.40266196279667,3.657009526366014,59907070.129993014,99.9964172958146,False
24820,99.50288646568313,3.6606967713008456,59907695.76999303,99.99746160925511,False
24845,99.6031109685696,3.664384016235677,59908220.99999303,99.99833831910159,False
24870,99.70333547145607,3.6680712611705086,59908618.659993045,99.9990020900925,False
24895,99.80355997434252,3.6717585061053404,59908922.66999304,99.999509541229,False
24920,99.903784477229,3.6754457510401717,59909129.40999304,99.99985463003516,False
24944,100.0,3.67898550617761,59909216.49999306,99.99999999998842,False
